<elements>
  <namespace ns="">
    <summary>To be added.</summary>
    <remarks>To be added.</remarks>
  </namespace>
  <namespace ns="Com.Android.Vending.Billing">
    <summary>To be added.</summary>
    <remarks>To be added.</remarks>
  </namespace>
  <namespace ns="Xamarin.InAppBilling.Utilities">
    <summary>To be added.</summary>
    <remarks>To be added.</remarks>
  </namespace>
  <namespace ns="Xamarin.InAppBilling">
    <summary>To be added.</summary>
    <remarks>To be added.</remarks>
  </namespace>
</elements>